{
  "version": 1,
  "author": "Anonymous maker",
  "editor": "wokwi",
  "parts": [
    { "type": "wokwi-breadboard", "id": "bb1", "top": -79.8, "left": -170, "attrs": {} },
    { "type": "wokwi-arduino-nano", "id": "nano", "top": -4.8, "left": -154.1, "attrs": {} },
    {
      "type": "wokwi-pushbutton-6mm",
      "id": "btn1",
      "top": 10.6,
      "left": 301.6,
      "rotate": 90,
      "attrs": { "color": "green", "xray": "1" }
    },
    {
      "type": "wokwi-buzzer",
      "id": "bz1",
      "top": -112.8,
      "left": 414.6,
      "attrs": { "volume": "0.1" }
    },
    { "type": "wokwi-potentiometer", "id": "pot1", "top": -10.9, "left": 182.2, "attrs": {} },
    { "type": "wokwi-lcd1602", "id": "lcd1", "top": -159.77, "left": -12.8, "attrs": {} },
    {
      "type": "wokwi-pushbutton-6mm",
      "id": "btn2",
      "top": 10.6,
      "left": 340,
      "rotate": 90,
      "attrs": { "color": "green", "xray": "1" }
    },
    {
      "type": "wokwi-pushbutton-6mm",
      "id": "btn3",
      "top": 10.6,
      "left": 378.4,
      "rotate": 90,
      "attrs": { "color": "green", "xray": "1" }
    }
  ],
  "connections": [
    [ "bb1:15b.i", "bb1:bn.10", "black", [ "v0" ] ],
    [ "bb1:13b.i", "bb1:bp.10", "red", [ "v0" ] ],
    [ "bb1:18t.e", "bb1:bn.14", "black", [ "v0" ] ],
    [ "bb1:19t.e", "bb1:bp.15", "red", [ "v0" ] ],
    [ "bb1:20t.e", "bb1:39b.j", "violet", [ "v0" ] ],
    [ "bb1:38b.j", "bb1:bn.30", "black", [ "v0" ] ],
    [ "bb1:40b.j", "bb1:bp.32", "red", [ "v0" ] ],
    [ "bb1:21t.e", "bb1:12t.c", "white", [ "v0" ] ],
    [ "bb1:22t.e", "bb1:bn.17", "black", [ "v0" ] ],
    [ "bb1:23t.e", "bb1:11t.b", "blue", [ "v0" ] ],
    [ "bb1:28t.e", "bb1:10t.b", "limegreen", [ "v9.6", "h-124.8" ] ],
    [ "bb1:29t.e", "bb1:9t.b", "yellow", [ "v19.2", "h-192" ] ],
    [ "bb1:30t.e", "bb1:8t.b", "white", [ "v28.8", "h-201.6" ] ],
    [ "bb1:31t.e", "bb1:7t.b", "purple", [ "v38.4", "h-230.4" ] ],
    [ "bb1:32t.e", "bb1:bp.25", "red", [ "v0" ] ],
    [ "bb1:33t.e", "bb1:bn.26", "black", [ "v0" ] ],
    [ "bb1:50t.d", "nano:8", "violet", [ "v-172.8", "h-422.4" ] ],
    [ "bb1:48b.g", "bb1:bn.39", "black", [ "v0" ] ],
    [ "bb1:5t.b", "bb1:63t.c", "cyan", [ "v-163.2", "h566.4" ] ],
    [ "bb1:62t.e", "bb1:bn.50", "black", [ "v0" ] ],
    [ "bb1:52b.g", "bb1:bn.42", "black", [ "v67.2" ] ],
    [ "bb1:54t.d", "bb1:4t.b", "orange", [ "v-192", "h-9.6" ] ],
    [ "bb1:58t.d", "bb1:3t.b", "#8f4814", [ "v-201.6", "h-249.6" ] ],
    [ "lcd1:VSS", "bb1:18t.a", "", [ "$bb" ] ],
    [ "lcd1:VDD", "bb1:19t.a", "", [ "$bb" ] ],
    [ "lcd1:V0", "bb1:20t.a", "", [ "$bb" ] ],
    [ "lcd1:RS", "bb1:21t.a", "", [ "$bb" ] ],
    [ "lcd1:RW", "bb1:22t.a", "", [ "$bb" ] ],
    [ "lcd1:E", "bb1:23t.a", "", [ "$bb" ] ],
    [ "lcd1:D0", "bb1:24t.a", "", [ "$bb" ] ],
    [ "lcd1:D1", "bb1:25t.a", "", [ "$bb" ] ],
    [ "lcd1:D2", "bb1:26t.a", "", [ "$bb" ] ],
    [ "lcd1:D3", "bb1:27t.a", "", [ "$bb" ] ],
    [ "lcd1:D4", "bb1:28t.a", "", [ "$bb" ] ],
    [ "lcd1:D5", "bb1:29t.a", "", [ "$bb" ] ],
    [ "lcd1:D6", "bb1:30t.a", "", [ "$bb" ] ],
    [ "lcd1:D7", "bb1:31t.a", "", [ "$bb" ] ],
    [ "lcd1:A", "bb1:32t.a", "", [ "$bb" ] ],
    [ "lcd1:K", "bb1:33t.a", "", [ "$bb" ] ],
    [ "pot1:GND", "bb1:38b.h", "", [ "$bb" ] ],
    [ "pot1:SIG", "bb1:39b.h", "", [ "$bb" ] ],
    [ "pot1:VCC", "bb1:40b.h", "", [ "$bb" ] ],
    [ "btn1:1.l", "bb1:50t.e", "", [ "$bb" ] ],
    [ "btn1:2.l", "bb1:48t.e", "", [ "$bb" ] ],
    [ "btn1:1.r", "bb1:50b.f", "", [ "$bb" ] ],
    [ "btn1:2.r", "bb1:48b.f", "", [ "$bb" ] ],
    [ "nano:12", "bb1:2t.d", "", [ "$bb" ] ],
    [ "nano:11", "bb1:3t.d", "", [ "$bb" ] ],
    [ "nano:10", "bb1:4t.d", "", [ "$bb" ] ],
    [ "nano:9", "bb1:5t.d", "", [ "$bb" ] ],
    [ "nano:8", "bb1:6t.d", "", [ "$bb" ] ],
    [ "nano:7", "bb1:7t.d", "", [ "$bb" ] ],
    [ "nano:6", "bb1:8t.d", "", [ "$bb" ] ],
    [ "nano:5", "bb1:9t.d", "", [ "$bb" ] ],
    [ "nano:4", "bb1:10t.d", "", [ "$bb" ] ],
    [ "nano:3", "bb1:11t.d", "", [ "$bb" ] ],
    [ "nano:2", "bb1:12t.d", "", [ "$bb" ] ],
    [ "nano:GND.2", "bb1:13t.d", "", [ "$bb" ] ],
    [ "nano:RESET.2", "bb1:14t.d", "", [ "$bb" ] ],
    [ "nano:0", "bb1:15t.d", "", [ "$bb" ] ],
    [ "nano:1", "bb1:16t.d", "", [ "$bb" ] ],
    [ "nano:13", "bb1:2b.h", "", [ "$bb" ] ],
    [ "nano:3.3V", "bb1:3b.h", "", [ "$bb" ] ],
    [ "nano:AREF", "bb1:4b.h", "", [ "$bb" ] ],
    [ "nano:A0", "bb1:5b.h", "", [ "$bb" ] ],
    [ "nano:A1", "bb1:6b.h", "", [ "$bb" ] ],
    [ "nano:A2", "bb1:7b.h", "", [ "$bb" ] ],
    [ "nano:A3", "bb1:8b.h", "", [ "$bb" ] ],
    [ "nano:A4", "bb1:9b.h", "", [ "$bb" ] ],
    [ "nano:A5", "bb1:10b.h", "", [ "$bb" ] ],
    [ "nano:A6", "bb1:11b.h", "", [ "$bb" ] ],
    [ "nano:A7", "bb1:12b.h", "", [ "$bb" ] ],
    [ "nano:5V", "bb1:13b.h", "", [ "$bb" ] ],
    [ "nano:RESET", "bb1:14b.h", "", [ "$bb" ] ],
    [ "nano:GND.1", "bb1:15b.h", "", [ "$bb" ] ],
    [ "nano:VIN", "bb1:16b.h", "", [ "$bb" ] ],
    [ "bz1:1", "bb1:62t.a", "", [ "$bb" ] ],
    [ "bz1:2", "bb1:63t.a", "", [ "$bb" ] ],
    [ "btn2:1.l", "bb1:54t.e", "", [ "$bb" ] ],
    [ "btn2:2.l", "bb1:52t.e", "", [ "$bb" ] ],
    [ "btn2:1.r", "bb1:54b.f", "", [ "$bb" ] ],
    [ "btn2:2.r", "bb1:52b.f", "", [ "$bb" ] ],
    [ "btn3:1.l", "bb1:58t.e", "", [ "$bb" ] ],
    [ "btn3:2.l", "bb1:56t.e", "", [ "$bb" ] ],
    [ "btn3:1.r", "bb1:58b.f", "", [ "$bb" ] ],
    [ "btn3:2.r", "bb1:56b.f", "", [ "$bb" ] ],
    [ "bb1:56b.g", "bb1:bn.46", "black", [ "v0" ] ]
  ],
  "dependencies": {}
}